full_name,email,password,latitude,longitude,interests,contacts,zip_code
Emily Harris,emily.harris@example.com,Emily69!,41.8781,-87.6298,Volunteering;Art;Crafting,emma.anderson@example.com;mia.jackson@example.com;james.miller@example.com
Daniel Martin,daniel.martin@example.com,Daniel29!,34.0522,-118.2437,Technology;Fashion;Gaming,ethan.jones@example.com;matthew.smith@example.com;charlotte.martin@example.com
Mia Harris,mia.harris@example.com,Mia99!,25.7617,-80.1918,Food;Gaming;Music,ava.martin@example.com;ethan.jones@example.com;emma.wilson@example.com
John Anderson,john.anderson@example.com,John54!,34.0522,-118.2437,Sports;Singing;Painting,emily.davis@example.com;ava.williams@example.com;isabella.anderson@example.com
Emily Jones,emily.jones@example.com,Emily46!,25.7617,-80.1918,Pets;Fitness;Outdoors,chloe.brown@example.com;ethan.johnson@example.com;benjamin.smith@example.com
Mia Harris,mia.harris@example.com,Mia35!,41.8781,-87.6298,Volunteering;Writing;Pets,ethan.white@example.com;james.miller@example.com;john.moore@example.com
Charlotte Smith,charlotte.smith@example.com,Charlotte38!,47.6062,-122.3321,Food;Swimming;Photography,ava.thompson@example.com;mia.thompson@example.com;michael.johnson@example.com
Mia Harris,mia.harris@example.com,Mia73!,29.7604,-95.3698,Sports;Hiking;Outdoors,james.williams@example.com;isabella.moore@example.com;emma.brown@example.com
Olivia Davis,olivia.davis@example.com,Olivia49!,41.8781,-87.6298,Coding;Movies;Fashion,olivia.roberts@example.com;john.taylor@example.com;jacob.white@example.com
Michael Johnson,michael.johnson@example.com,Michael27!,25.7617,-80.1918,Travel;Food;Technology,ava.martinez@example.com;matthew.williams@example.com;ethan.brown@example.com
David Jackson,david.jackson@example.com,David94!,34.0522,-118.2437,Dancing;Music;Crafting,jacob.harris@example.com;charlotte.davis@example.com;emily.white@example.com
Benjamin Brown,benjamin.brown@example.com,Benjamin38!,25.7617,-80.1918,Music;Outdoors;Pets,olivia.jackson@example.com;john.davis@example.com;emma.roberts@example.com
Chloe Miller,chloe.miller@example.com,Chloe60!,47.6062,-122.3321,Travel;Meditation;Fashion,matthew.jones@example.com;daniel.smith@example.com;emily.martin@example.com
Mia Moore,mia.moore@example.com,Mia46!,34.0522,-118.2437,Travel;Art;Photography,emily.williams@example.com;jacob.wilson@example.com;ava.smith@example.com
Emily Harris,emily.harris@example.com,Emily52!,47.6062,-122.3321,Music;Swimming;Painting,benjamin.davis@example.com;charlotte.wilson@example.com;james.davis@example.com
Emma Taylor,emma.taylor@example.com,Emma16!,40.7128,-74.006,Running;Food;Singing,ethan.thompson@example.com;ethan.moore@example.com;sophia.martinez@example.com
Sarah Martinez,sarah.martinez@example.com,Sarah85!,25.7617,-80.1918,Volunteering;Outdoors;Acting,benjamin.martin@example.com;matthew.taylor@example.com;michael.martin@example.com
Emma Wilson,emma.wilson@example.com,Emma14!,47.6062,-122.3321,Hiking;Movies;Pets,sarah.miller@example.com;james.harris@example.com;olivia.williams@example.com
James Smith,james.smith@example.com,James95!,25.7617,-80.1918,Cooking;Hiking;Volunteering,james.garcia@example.com;john.roberts@example.com;david.harris@example.com
Sarah Anderson,sarah.anderson@example.com,Sarah82!,25.7617,-80.1918,Dancing;Singing;Music,isabella.martin@example.com;chloe.white@example.com;benjamin.taylor@example.com
Emma Martinez,emma.martinez@example.com,Emma28!,41.8781,-87.6298,Art;Pets;Swimming,michael.williams@example.com;sarah.white@example.com;james.thomas@example.com
Emma Thompson,emma.thompson@example.com,Emma46!,47.6062,-122.3321,Painting;Art;Pets,ava.garcia@example.com;sarah.roberts@example.com;mia.anderson@example.com
Benjamin Moore,benjamin.moore@example.com,Benjamin17!,40.7128,-74.006,Food;Outdoors;Fitness,michael.taylor@example.com;john.white@example.com;mia.jones@example.com
James Davis,james.davis@example.com,James95!,25.7617,-80.1918,Cars;Dancing;Gardening,sarah.jones@example.com;emily.anderson@example.com;james.anderson@example.com
Emma Garcia,emma.garcia@example.com,Emma18!,47.6062,-122.3321,Gardening;Swimming;Cars,michael.thompson@example.com;james.williams@example.com;james.thomas@example.com
Chloe Martin,chloe.martin@example.com,Chloe15!,29.7604,-95.3698,Acting;Travel;Outdoors,chloe.anderson@example.com;ava.thomas@example.com;james.wilson@example.com
Isabella Anderson,isabella.anderson@example.com,Isabella59!,29.7604,-95.3698,Gaming;Cars;Cooking,isabella.thomas@example.com;emily.miller@example.com;charlotte.taylor@example.com
Jacob Thomas,jacob.thomas@example.com,Jacob69!,41.8781,-87.6298,Running;Photography;Technology,sarah.jackson@example.com;chloe.johnson@example.com;emma.roberts@example.com
Olivia Davis,olivia.davis@example.com,Olivia96!,34.0522,-118.2437,Travel;Movies;Technology,john.white@example.com;jacob.anderson@example.com;michael.johnson@example.com
Emily Roberts,emily.roberts@example.com,Emily64!,25.7617,-80.1918,Volunteering;Outdoors;Food,michael.martinez@example.com;mia.martin@example.com;olivia.wilson@example.com
James Davis,james.davis@example.com,James84!,40.7128,-74.006,Dancing;Running;Painting,ava.thompson@example.com;emma.miller@example.com;ava.white@example.com
Emma Wilson,emma.wilson@example.com,Emma16!,47.6062,-122.3321,Cooking;Swimming;Volunteering,olivia.brown@example.com;sarah.martin@example.com;michael.miller@example.com
Benjamin Davis,benjamin.davis@example.com,Benjamin80!,34.0522,-118.2437,Technology;Swimming;Baking,jacob.jones@example.com;chloe.davis@example.com;daniel.wilson@example.com
Charlotte Jones,charlotte.jones@example.com,Charlotte88!,41.8781,-87.6298,Cooking;Acting;Movies,jacob.anderson@example.com;sarah.roberts@example.com;sarah.moore@example.com
Benjamin Brown,benjamin.brown@example.com,Benjamin19!,34.0522,-118.2437,Painting;Fitness;Cars,ethan.taylor@example.com;ethan.thomas@example.com;john.roberts@example.com
Charlotte Smith,charlotte.smith@example.com,Charlotte24!,34.0522,-118.2437,Food;Cars;Painting,benjamin.wilson@example.com;ava.martinez@example.com;benjamin.miller@example.com
Isabella Wilson,isabella.wilson@example.com,Isabella43!,47.6062,-122.3321,Photography;Baking;Singing,sophia.thomas@example.com;james.thompson@example.com;matthew.white@example.com
Ethan Johnson,ethan.johnson@example.com,Ethan45!,47.6062,-122.3321,Meditation;Dancing;Coding,isabella.martin@example.com;james.moore@example.com;michael.miller@example.com
Ava Martin,ava.martin@example.com,Ava56!,47.6062,-122.3321,Baking;Pets;Photography,charlotte.johnson@example.com;sarah.thompson@example.com;james.anderson@example.com
Emma Thomas,emma.thomas@example.com,Emma32!,47.6062,-122.3321,Sports;Cars;Reading,mia.davis@example.com;chloe.jackson@example.com;ethan.williams@example.com
Chloe Jones,chloe.jones@example.com,Chloe22!,40.7128,-74.006,Crafting;Travel;Cooking,emily.white@example.com;emma.smith@example.com;olivia.taylor@example.com
James Smith,james.smith@example.com,James61!,25.7617,-80.1918,Gaming;Sports;Baking,sophia.white@example.com;sophia.garcia@example.com;michael.williams@example.com
Matthew Harris,matthew.harris@example.com,Matthew87!,25.7617,-80.1918,Running;Music;Sports,matthew.taylor@example.com;emily.thomas@example.com;james.anderson@example.com
Benjamin Garcia,benjamin.garcia@example.com,Benjamin31!,25.7617,-80.1918,Acting;Photography;Hiking,charlotte.white@example.com;ethan.harris@example.com;olivia.taylor@example.com
Sarah Davis,sarah.davis@example.com,Sarah81!,40.7128,-74.006,Music;Fashion;Pets,chloe.miller@example.com;sarah.anderson@example.com;sarah.williams@example.com
Emma Johnson,emma.johnson@example.com,Emma63!,41.8781,-87.6298,Fashion;Meditation;Volunteering,benjamin.smith@example.com;olivia.jackson@example.com;sophia.martinez@example.com
Ava Thompson,ava.thompson@example.com,Ava12!,34.0522,-118.2437,Gardening;Sports;Swimming,benjamin.roberts@example.com;chloe.thompson@example.com;james.brown@example.com
Mia Roberts,mia.roberts@example.com,Mia31!,41.8781,-87.6298,Baking;Running;Cooking,daniel.martin@example.com;jacob.thomas@example.com;james.johnson@example.com
Matthew Garcia,matthew.garcia@example.com,Matthew22!,47.6062,-122.3321,Writing;Painting;Crafting,james.davis@example.com;isabella.moore@example.com;james.garcia@example.com
John Davis,john.davis@example.com,John87!,41.8781,-87.6298,Acting;Pets;Hiking,charlotte.martinez@example.com;isabella.jackson@example.com;sarah.johnson@example.com
James Jackson,james.jackson@example.com,James16!,40.7128,-74.006,Crafting;Coding;Photography,benjamin.martin@example.com;isabella.smith@example.com;david.jones@example.com
John Garcia,john.garcia@example.com,John95!,41.8781,-87.6298,Music;Volunteering;Coding,daniel.taylor@example.com;charlotte.white@example.com;ava.jackson@example.com
Daniel Thompson,daniel.thompson@example.com,Daniel73!,29.7604,-95.3698,Gardening;Music;Running,jacob.taylor@example.com;ethan.jones@example.com;isabella.jones@example.com
Matthew Williams,matthew.williams@example.com,Matthew51!,29.7604,-95.3698,Reading;Outdoors;Gaming,benjamin.garcia@example.com;john.wilson@example.com;john.johnson@example.com
Emily Jackson,emily.jackson@example.com,Emily97!,41.8781,-87.6298,Photography;Fashion;Volunteering,sophia.thompson@example.com;james.roberts@example.com;charlotte.williams@example.com
Olivia Roberts,olivia.roberts@example.com,Olivia72!,29.7604,-95.3698,Gaming;Swimming;Technology,benjamin.thompson@example.com;john.smith@example.com;emma.thompson@example.com
Sarah White,sarah.white@example.com,Sarah53!,47.6062,-122.3321,Singing;Music;Fitness,mia.martin@example.com;james.thompson@example.com;emily.smith@example.com
John Williams,john.williams@example.com,John81!,29.7604,-95.3698,Outdoors;Acting;Singing,charlotte.wilson@example.com;james.thomas@example.com;david.miller@example.com
Emma Williams,emma.williams@example.com,Emma36!,47.6062,-122.3321,Meditation;Running;Writing,jacob.jones@example.com;john.martin@example.com;emily.anderson@example.com
Benjamin Harris,benjamin.harris@example.com,Benjamin40!,41.8781,-87.6298,Photography;Acting;Technology,benjamin.thomas@example.com;isabella.johnson@example.com;benjamin.moore@example.com
James Thomas,james.thomas@example.com,James23!,47.6062,-122.3321,Cooking;Movies;Meditation,sarah.anderson@example.com;matthew.roberts@example.com;james.johnson@example.com
Jacob Anderson,jacob.anderson@example.com,Jacob32!,40.7128,-74.006,Movies;Gaming;Meditation,michael.miller@example.com;mia.white@example.com;daniel.johnson@example.com
John Smith,john.smith@example.com,John70!,40.7128,-74.006,Fashion;Gardening;Reading,david.brown@example.com;chloe.harris@example.com;olivia.white@example.com
Daniel Williams,daniel.williams@example.com,Daniel72!,47.6062,-122.3321,Fitness;Technology;Fashion,ava.thompson@example.com;emma.martinez@example.com;david.taylor@example.com
Ava Anderson,ava.anderson@example.com,Ava75!,47.6062,-122.3321,Hiking;Fitness;Technology,isabella.martinez@example.com;james.miller@example.com;david.jackson@example.com
Chloe White,chloe.white@example.com,Chloe60!,25.7617,-80.1918,Movies;Swimming;Fitness,benjamin.martin@example.com;michael.martinez@example.com;sarah.thomas@example.com
Chloe Miller,chloe.miller@example.com,Chloe63!,40.7128,-74.006,Music;Photography;Cooking,sarah.johnson@example.com;sarah.white@example.com;matthew.garcia@example.com
Benjamin Taylor,benjamin.taylor@example.com,Benjamin20!,41.8781,-87.6298,Music;Movies;Outdoors,ethan.miller@example.com;sarah.roberts@example.com;james.jones@example.com
Daniel Harris,daniel.harris@example.com,Daniel82!,47.6062,-122.3321,Writing;Gardening;Crafting,emily.wilson@example.com;sarah.jones@example.com;charlotte.taylor@example.com
Ethan White,ethan.white@example.com,Ethan49!,34.0522,-118.2437,Painting;Technology;Acting,charlotte.martinez@example.com;emma.thompson@example.com;daniel.johnson@example.com
Emma Davis,emma.davis@example.com,Emma32!,41.8781,-87.6298,Writing;Pets;Fashion,chloe.garcia@example.com;mia.johnson@example.com;jacob.martin@example.com
Sophia Roberts,sophia.roberts@example.com,Sophia29!,29.7604,-95.3698,Photography;Movies;Music,emma.thomas@example.com;ava.harris@example.com;emma.brown@example.com
Sarah Anderson,sarah.anderson@example.com,Sarah47!,29.7604,-95.3698,Hiking;Movies;Pets,matthew.davis@example.com;sarah.wilson@example.com;ethan.williams@example.com
Ethan Anderson,ethan.anderson@example.com,Ethan57!,40.7128,-74.006,Fashion;Running;Gaming,ethan.taylor@example.com;benjamin.brown@example.com;isabella.harris@example.com
Ethan Smith,ethan.smith@example.com,Ethan67!,40.7128,-74.006,Swimming;Hiking;Coding,emma.martinez@example.com;james.martin@example.com;daniel.garcia@example.com
Matthew Johnson,matthew.johnson@example.com,Matthew64!,29.7604,-95.3698,Sports;Swimming;Outdoors,matthew.thompson@example.com;james.thomas@example.com;ava.johnson@example.com
Emily Martin,emily.martin@example.com,Emily17!,25.7617,-80.1918,Cars;Coding;Acting,olivia.miller@example.com;john.thomas@example.com;james.thomas@example.com
Sophia Garcia,sophia.garcia@example.com,Sophia58!,29.7604,-95.3698,Acting;Swimming;Writing,chloe.thompson@example.com;emma.smith@example.com;olivia.garcia@example.com
Chloe Jones,chloe.jones@example.com,Chloe20!,41.8781,-87.6298,Sports;Dancing;Coding,olivia.johnson@example.com;james.white@example.com;jacob.davis@example.com
Ethan Taylor,ethan.taylor@example.com,Ethan87!,34.0522,-118.2437,Cars;Music;Crafting,ethan.martin@example.com;michael.roberts@example.com;david.thompson@example.com
David Harris,david.harris@example.com,David49!,47.6062,-122.3321,Acting;Travel;Movies,benjamin.roberts@example.com;sophia.garcia@example.com;michael.davis@example.com
James Taylor,james.taylor@example.com,James34!,41.8781,-87.6298,Reading;Cooking;Fashion,john.jackson@example.com;mia.garcia@example.com;james.jones@example.com
Charlotte Garcia,charlotte.garcia@example.com,Charlotte35!,29.7604,-95.3698,Swimming;Coding;Singing,mia.thompson@example.com;daniel.white@example.com;james.anderson@example.com
Daniel Anderson,daniel.anderson@example.com,Daniel15!,47.6062,-122.3321,Running;Volunteering;Cooking,james.roberts@example.com;emily.moore@example.com;michael.brown@example.com
Emma Thompson,emma.thompson@example.com,Emma60!,34.0522,-118.2437,Volunteering;Reading;Cooking,david.smith@example.com;ethan.garcia@example.com;olivia.white@example.com
Sophia Wilson,sophia.wilson@example.com,Sophia20!,25.7617,-80.1918,Crafting;Coding;Baking,emily.wilson@example.com;olivia.miller@example.com;matthew.wilson@example.com
Jacob Jones,jacob.jones@example.com,Jacob80!,41.8781,-87.6298,Food;Hiking;Photography,emma.martin@example.com;jacob.moore@example.com;isabella.brown@example.com
Chloe Jones,chloe.jones@example.com,Chloe59!,29.7604,-95.3698,Dancing;Art;Reading,ava.jones@example.com;isabella.smith@example.com;ethan.garcia@example.com
James Moore,james.moore@example.com,James79!,34.0522,-118.2437,Travel;Writing;Singing,daniel.thomas@example.com;emma.miller@example.com;mia.moore@example.com
Sophia Brown,sophia.brown@example.com,Sophia68!,29.7604,-95.3698,Hiking;Food;Swimming,matthew.harris@example.com;emma.white@example.com;jacob.smith@example.com
Emma Anderson,emma.anderson@example.com,Emma92!,47.6062,-122.3321,Baking;Gaming;Writing,daniel.harris@example.com;isabella.thompson@example.com;david.white@example.com
Sarah Moore,sarah.moore@example.com,Sarah33!,34.0522,-118.2437,Meditation;Coding;Music,chloe.miller@example.com;ava.jones@example.com;emma.roberts@example.com
Mia Thomas,mia.thomas@example.com,Mia28!,47.6062,-122.3321,Gaming;Food;Fashion,mia.miller@example.com;ethan.martin@example.com;sophia.brown@example.com
Emily Martinez,emily.martinez@example.com,Emily80!,41.8781,-87.6298,Sports;Food;Fashion,michael.jackson@example.com;michael.white@example.com;sarah.white@example.com
Olivia Jackson,olivia.jackson@example.com,Olivia74!,40.7128,-74.006,Gaming;Meditation;Running,charlotte.johnson@example.com;john.roberts@example.com;ava.taylor@example.com
James Jones,james.jones@example.com,James48!,25.7617,-80.1918,Coding;Baking;Gaming,john.jones@example.com;daniel.roberts@example.com;sophia.wilson@example.com
Chloe Miller,chloe.miller@example.com,Chloe47!,47.6062,-122.3321,Fashion;Hiking;Technology,james.martinez@example.com;jacob.martinez@example.com;ava.wilson@example.com
Sarah Brown,sarah.brown@example.com,Sarah42!,34.0522,-118.2437,Food;Writing;Outdoors,james.wilson@example.com;john.jackson@example.com;mia.white@example.com
Chloe Martinez,chloe.martinez@example.com,Chloe17!,34.0522,-118.2437,Crafting;Art;Hiking,emma.garcia@example.com;emma.davis@example.com;isabella.brown@example.com
Mia Garcia,mia.garcia@example.com,Mia65!,25.7617,-80.1918,Volunteering;Fashion;Crafting,charlotte.miller@example.com;sarah.martin@example.com;matthew.brown@example.com
