email,password,full_name,contacts,latitude,longitude,interests,zip_code
emily.harris@example.com,Emily52!,Emily Harris,james.davis@example.com;benjamin.davis@example.com;charlotte.wilson@example.com,47.6062,-122.3321,Music;Painting;Swimming,98164
daniel.martin@example.com,Daniel29!,Daniel Martin,matthew.smith@example.com;ethan.jones@example.com;charlotte.martin@example.com,34.0522,-118.2437,Technology;Fashion;Gaming,90013
mia.harris@example.com,Mia73!,Mia Harris,emma.brown@example.com;james.williams@example.com;isabella.moore@example.com,29.7604,-95.3698,Hiking;Outdoors;Sports,77002
john.anderson@example.com,John54!,John Anderson,emily.davis@example.com;ava.williams@example.com;isabella.anderson@example.com,34.0522,-118.2437,Singing;Painting;Sports,90013
emily.jones@example.com,Emily46!,Emily Jones,ethan.johnson@example.com;benjamin.smith@example.com;chloe.brown@example.com,25.7617,-80.1918,Outdoors;Fitness;Pets,33131
charlotte.smith@example.com,Charlotte24!,Charlotte Smith,ava.martinez@example.com;benjamin.miller@example.com;benjamin.wilson@example.com,34.0522,-118.2437,Painting;Food;Cars,90013
olivia.davis@example.com,Olivia96!,Olivia Davis,john.white@example.com;michael.johnson@example.com;jacob.anderson@example.com,34.0522,-118.2437,Technology;Travel;Movies,90013
michael.johnson@example.com,Michael27!,Michael Johnson,ava.martinez@example.com;ethan.brown@example.com;matthew.williams@example.com,25.7617,-80.1918,Technology;Travel;Food,33131
david.jackson@example.com,David94!,David Jackson,emily.white@example.com;jacob.harris@example.com;charlotte.davis@example.com,34.0522,-118.2437,Music;Crafting;Dancing,90013
benjamin.brown@example.com,Benjamin19!,Benjamin Brown,john.roberts@example.com;ethan.taylor@example.com;ethan.thomas@example.com,34.0522,-118.2437,Cars;Painting;Fitness,90013
chloe.miller@example.com,Chloe47!,Chloe Miller,ava.wilson@example.com;jacob.martinez@example.com;james.martinez@example.com,47.6062,-122.3321,Hiking;Technology;Fashion,98164
mia.moore@example.com,Mia46!,Mia Moore,emily.williams@example.com;ava.smith@example.com;jacob.wilson@example.com,34.0522,-118.2437,Art;Travel;Photography,90013
emma.taylor@example.com,Emma16!,Emma Taylor,ethan.thompson@example.com;sophia.martinez@example.com;ethan.moore@example.com,40.7128,-74.006,Running;Singing;Food,10000
sarah.martinez@example.com,Sarah85!,Sarah Martinez,benjamin.martin@example.com;michael.martin@example.com;matthew.taylor@example.com,25.7617,-80.1918,Outdoors;Acting;Volunteering,33131
emma.wilson@example.com,Emma16!,Emma Wilson,sarah.martin@example.com;olivia.brown@example.com;michael.miller@example.com,47.6062,-122.3321,Volunteering;Swimming;Cooking,98164
james.smith@example.com,James61!,James Smith,sophia.garcia@example.com;sophia.white@example.com;michael.williams@example.com,25.7617,-80.1918,Baking;Gaming;Sports,33131
sarah.anderson@example.com,Sarah47!,Sarah Anderson,matthew.davis@example.com;sarah.wilson@example.com;ethan.williams@example.com,29.7604,-95.3698,Hiking;Pets;Movies,77002
emma.martinez@example.com,Emma28!,Emma Martinez,james.thomas@example.com;sarah.white@example.com;michael.williams@example.com,41.8781,-87.6298,Art;Swimming;Pets,60604
emma.thompson@example.com,Emma60!,Emma Thompson,olivia.white@example.com;david.smith@example.com;ethan.garcia@example.com,34.0522,-118.2437,Cooking;Volunteering;Reading,90013
benjamin.moore@example.com,Benjamin17!,Benjamin Moore,john.white@example.com;michael.taylor@example.com;mia.jones@example.com,40.7128,-74.006,Outdoors;Fitness;Food,10000
james.davis@example.com,James84!,James Davis,emma.miller@example.com;ava.thompson@example.com;ava.white@example.com,40.7128,-74.006,Running;Painting;Dancing,10000
emma.garcia@example.com,Emma18!,Emma Garcia,james.thomas@example.com;james.williams@example.com;michael.thompson@example.com,47.6062,-122.3321,Cars;Swimming;Gardening,98164
chloe.martin@example.com,Chloe15!,Chloe Martin,ava.thomas@example.com;james.wilson@example.com;chloe.anderson@example.com,29.7604,-95.3698,Outdoors;Acting;Travel,77002
isabella.anderson@example.com,Isabella59!,Isabella Anderson,isabella.thomas@example.com;emily.miller@example.com;charlotte.taylor@example.com,29.7604,-95.3698,Cooking;Gaming;Cars,77002
jacob.thomas@example.com,Jacob69!,Jacob Thomas,chloe.johnson@example.com;sarah.jackson@example.com;emma.roberts@example.com,41.8781,-87.6298,Running;Technology;Photography,60604
emily.roberts@example.com,Emily64!,Emily Roberts,michael.martinez@example.com;mia.martin@example.com;olivia.wilson@example.com,25.7617,-80.1918,Outdoors;Food;Volunteering,33131
benjamin.davis@example.com,Benjamin80!,Benjamin Davis,jacob.jones@example.com;chloe.davis@example.com;daniel.wilson@example.com,34.0522,-118.2437,Swimming;Baking;Technology,90013
charlotte.jones@example.com,Charlotte88!,Charlotte Jones,sarah.moore@example.com;sarah.roberts@example.com;jacob.anderson@example.com,41.8781,-87.6298,Acting;Cooking;Movies,60604
isabella.wilson@example.com,Isabella43!,Isabella Wilson,matthew.white@example.com;sophia.thomas@example.com;james.thompson@example.com,47.6062,-122.3321,Baking;Singing;Photography,98164
ethan.johnson@example.com,Ethan45!,Ethan Johnson,james.moore@example.com;michael.miller@example.com;isabella.martin@example.com,47.6062,-122.3321,Coding;Meditation;Dancing,98164
ava.martin@example.com,Ava56!,Ava Martin,james.anderson@example.com;charlotte.johnson@example.com;sarah.thompson@example.com,47.6062,-122.3321,Baking;Photography;Pets,98164
emma.thomas@example.com,Emma32!,Emma Thomas,mia.davis@example.com;chloe.jackson@example.com;ethan.williams@example.com,47.6062,-122.3321,Reading;Sports;Cars,98164
chloe.jones@example.com,Chloe59!,Chloe Jones,isabella.smith@example.com;ava.jones@example.com;ethan.garcia@example.com,29.7604,-95.3698,Art;Reading;Dancing,77002
matthew.harris@example.com,Matthew87!,Matthew Harris,james.anderson@example.com;emily.thomas@example.com;matthew.taylor@example.com,25.7617,-80.1918,Running;Sports;Music,33131
benjamin.garcia@example.com,Benjamin31!,Benjamin Garcia,olivia.taylor@example.com;ethan.harris@example.com;charlotte.white@example.com,25.7617,-80.1918,Hiking;Acting;Photography,33131
sarah.davis@example.com,Sarah81!,Sarah Davis,sarah.anderson@example.com;sarah.williams@example.com;chloe.miller@example.com,40.7128,-74.006,Music;Fashion;Pets,10000
emma.johnson@example.com,Emma63!,Emma Johnson,benjamin.smith@example.com;sophia.martinez@example.com;olivia.jackson@example.com,41.8781,-87.6298,Volunteering;Meditation;Fashion,60604
ava.thompson@example.com,Ava12!,Ava Thompson,james.brown@example.com;benjamin.roberts@example.com;chloe.thompson@example.com,34.0522,-118.2437,Swimming;Sports;Gardening,90013
mia.roberts@example.com,Mia31!,Mia Roberts,jacob.thomas@example.com;daniel.martin@example.com;james.johnson@example.com,41.8781,-87.6298,Running;Baking;Cooking,60604
matthew.garcia@example.com,Matthew22!,Matthew Garcia,james.davis@example.com;james.garcia@example.com;isabella.moore@example.com,47.6062,-122.3321,Painting;Writing;Crafting,98164
john.davis@example.com,John87!,John Davis,charlotte.martinez@example.com;isabella.jackson@example.com;sarah.johnson@example.com,41.8781,-87.6298,Hiking;Acting;Pets,60604
james.jackson@example.com,James16!,James Jackson,isabella.smith@example.com;benjamin.martin@example.com;david.jones@example.com,40.7128,-74.006,Coding;Photography;Crafting,10000
john.garcia@example.com,John95!,John Garcia,ava.jackson@example.com;daniel.taylor@example.com;charlotte.white@example.com,41.8781,-87.6298,Coding;Music;Volunteering,60604
daniel.thompson@example.com,Daniel73!,Daniel Thompson,ethan.jones@example.com;jacob.taylor@example.com;isabella.jones@example.com,29.7604,-95.3698,Music;Gardening;Running,77002
matthew.williams@example.com,Matthew51!,Matthew Williams,john.wilson@example.com;john.johnson@example.com;benjamin.garcia@example.com,29.7604,-95.3698,Outdoors;Gaming;Reading,77002
emily.jackson@example.com,Emily97!,Emily Jackson,james.roberts@example.com;sophia.thompson@example.com;charlotte.williams@example.com,41.8781,-87.6298,Volunteering;Fashion;Photography,60604
olivia.roberts@example.com,Olivia72!,Olivia Roberts,john.smith@example.com;benjamin.thompson@example.com;emma.thompson@example.com,29.7604,-95.3698,Technology;Swimming;Gaming,77002
sarah.white@example.com,Sarah53!,Sarah White,emily.smith@example.com;mia.martin@example.com;james.thompson@example.com,47.6062,-122.3321,Music;Singing;Fitness,98164
john.williams@example.com,John81!,John Williams,james.thomas@example.com;david.miller@example.com;charlotte.wilson@example.com,29.7604,-95.3698,Outdoors;Acting;Singing,77002
emma.williams@example.com,Emma36!,Emma Williams,jacob.jones@example.com;john.martin@example.com;emily.anderson@example.com,47.6062,-122.3321,Running;Writing;Meditation,98164
benjamin.harris@example.com,Benjamin40!,Benjamin Harris,benjamin.thomas@example.com;isabella.johnson@example.com;benjamin.moore@example.com,41.8781,-87.6298,Acting;Technology;Photography,60604
james.thomas@example.com,James23!,James Thomas,sarah.anderson@example.com;james.johnson@example.com;matthew.roberts@example.com,47.6062,-122.3321,Meditation;Cooking;Movies,98164
jacob.anderson@example.com,Jacob32!,Jacob Anderson,michael.miller@example.com;mia.white@example.com;daniel.johnson@example.com,40.7128,-74.006,Meditation;Gaming;Movies,10000
john.smith@example.com,John70!,John Smith,olivia.white@example.com;david.brown@example.com;chloe.harris@example.com,40.7128,-74.006,Reading;Fashion;Gardening,10000
daniel.williams@example.com,Daniel72!,Daniel Williams,ava.thompson@example.com;emma.martinez@example.com;david.taylor@example.com,47.6062,-122.3321,Fitness;Technology;Fashion,98164
ava.anderson@example.com,Ava75!,Ava Anderson,david.jackson@example.com;james.miller@example.com;isabella.martinez@example.com,47.6062,-122.3321,Hiking;Fitness;Technology,98164
chloe.white@example.com,Chloe60!,Chloe White,benjamin.martin@example.com;sarah.thomas@example.com;michael.martinez@example.com,25.7617,-80.1918,Fitness;Swimming;Movies,33131
benjamin.taylor@example.com,Benjamin20!,Benjamin Taylor,ethan.miller@example.com;sarah.roberts@example.com;james.jones@example.com,41.8781,-87.6298,Music;Outdoors;Movies,60604
daniel.harris@example.com,Daniel82!,Daniel Harris,emily.wilson@example.com;sarah.jones@example.com;charlotte.taylor@example.com,47.6062,-122.3321,Crafting;Writing;Gardening,98164
ethan.white@example.com,Ethan49!,Ethan White,charlotte.martinez@example.com;emma.thompson@example.com;daniel.johnson@example.com,34.0522,-118.2437,Acting;Painting;Technology,90013
emma.davis@example.com,Emma32!,Emma Davis,mia.johnson@example.com;chloe.garcia@example.com;jacob.martin@example.com,41.8781,-87.6298,Writing;Fashion;Pets,60604
sophia.roberts@example.com,Sophia29!,Sophia Roberts,emma.brown@example.com;emma.thomas@example.com;ava.harris@example.com,29.7604,-95.3698,Music;Movies;Photography,77002
ethan.anderson@example.com,Ethan57!,Ethan Anderson,isabella.harris@example.com;ethan.taylor@example.com;benjamin.brown@example.com,40.7128,-74.006,Running;Gaming;Fashion,10000
ethan.smith@example.com,Ethan67!,Ethan Smith,james.martin@example.com;daniel.garcia@example.com;emma.martinez@example.com,40.7128,-74.006,Hiking;Swimming;Coding,10000
matthew.johnson@example.com,Matthew64!,Matthew Johnson,james.thomas@example.com;matthew.thompson@example.com;ava.johnson@example.com,29.7604,-95.3698,Outdoors;Swimming;Sports,77002
emily.martin@example.com,Emily17!,Emily Martin,james.thomas@example.com;john.thomas@example.com;olivia.miller@example.com,25.7617,-80.1918,Coding;Acting;Cars,33131
sophia.garcia@example.com,Sophia58!,Sophia Garcia,olivia.garcia@example.com;emma.smith@example.com;chloe.thompson@example.com,29.7604,-95.3698,Writing;Acting;Swimming,77002
ethan.taylor@example.com,Ethan87!,Ethan Taylor,david.thompson@example.com;michael.roberts@example.com;ethan.martin@example.com,34.0522,-118.2437,Music;Crafting;Cars,90013
david.harris@example.com,David49!,David Harris,benjamin.roberts@example.com;michael.davis@example.com;sophia.garcia@example.com,47.6062,-122.3321,Acting;Travel;Movies,98164
james.taylor@example.com,James34!,James Taylor,mia.garcia@example.com;james.jones@example.com;john.jackson@example.com,41.8781,-87.6298,Cooking;Reading;Fashion,60604
charlotte.garcia@example.com,Charlotte35!,Charlotte Garcia,mia.thompson@example.com;james.anderson@example.com;daniel.white@example.com,29.7604,-95.3698,Coding;Singing;Swimming,77002
daniel.anderson@example.com,Daniel15!,Daniel Anderson,emily.moore@example.com;james.roberts@example.com;michael.brown@example.com,47.6062,-122.3321,Running;Cooking;Volunteering,98164
sophia.wilson@example.com,Sophia20!,Sophia Wilson,emily.wilson@example.com;matthew.wilson@example.com;olivia.miller@example.com,25.7617,-80.1918,Coding;Baking;Crafting,33131
jacob.jones@example.com,Jacob80!,Jacob Jones,isabella.brown@example.com;emma.martin@example.com;jacob.moore@example.com,41.8781,-87.6298,Hiking;Food;Photography,60604
james.moore@example.com,James79!,James Moore,daniel.thomas@example.com;emma.miller@example.com;mia.moore@example.com,34.0522,-118.2437,Writing;Singing;Travel,90013
sophia.brown@example.com,Sophia68!,Sophia Brown,jacob.smith@example.com;matthew.harris@example.com;emma.white@example.com,29.7604,-95.3698,Hiking;Swimming;Food,77002
emma.anderson@example.com,Emma92!,Emma Anderson,isabella.thompson@example.com;daniel.harris@example.com;david.white@example.com,47.6062,-122.3321,Baking;Writing;Gaming,98164
sarah.moore@example.com,Sarah33!,Sarah Moore,ava.jones@example.com;emma.roberts@example.com;chloe.miller@example.com,34.0522,-118.2437,Coding;Music;Meditation,90013
mia.thomas@example.com,Mia28!,Mia Thomas,mia.miller@example.com;ethan.martin@example.com;sophia.brown@example.com,47.6062,-122.3321,Food;Gaming;Fashion,98164
emily.martinez@example.com,Emily80!,Emily Martinez,michael.jackson@example.com;sarah.white@example.com;michael.white@example.com,41.8781,-87.6298,Food;Sports;Fashion,60604
olivia.jackson@example.com,Olivia74!,Olivia Jackson,john.roberts@example.com;ava.taylor@example.com;charlotte.johnson@example.com,40.7128,-74.006,Running;Meditation;Gaming,10000
james.jones@example.com,James48!,James Jones,daniel.roberts@example.com;sophia.wilson@example.com;john.jones@example.com,25.7617,-80.1918,Coding;Baking;Gaming,33131
sarah.brown@example.com,Sarah42!,Sarah Brown,mia.white@example.com;james.wilson@example.com;john.jackson@example.com,34.0522,-118.2437,Outdoors;Writing;Food,90013
chloe.martinez@example.com,Chloe17!,Chloe Martinez,isabella.brown@example.com;emma.davis@example.com;emma.garcia@example.com,34.0522,-118.2437,Hiking;Art;Crafting,90013
mia.garcia@example.com,Mia65!,Mia Garcia,sarah.martin@example.com;matthew.brown@example.com;charlotte.miller@example.com,25.7617,-80.1918,Volunteering;Crafting;Fashion,33131
bob@gmail.com,a,bob,emily.harris@example.com,37.775,-122.4195,sports;music;art,
